uuid	context_size	loss	moniker	nn	oaa	passes	sample_training	f1(training)	f1(testing)	f1(training_oov)	f1(testing_oov)
bfbd6272-2896-11e3-9993-90b11c09b194	2	logistic	vw_trainer	64	6	10	0.01	35.92	37.92	49.1	49.96
bfbc9a22-2896-11e3-9993-90b11c09b194	2	hinge	vw_trainer	64	6	1	0.01	0.04	0.0	19.21	17.1
bfbe2ae0-2896-11e3-9993-90b11c09b194	4	hinge	vw_trainer	128	6	4	0.01	22.84	22.64	34.38	32.52
bfbb6102-2896-11e3-9993-90b11c09b194	1	hinge	vw_trainer	128	6	1	0.01	38.23	40.21	49.85	50.77
bfbd9170-2896-11e3-9993-90b11c09b194	2	logistic	vw_trainer	128	6	10	0.10000000000000001	73.52	75.22	79.26	80.3
bfbd94f4-2896-11e3-9993-90b11c09b194	2	logistic	vw_trainer	128	6	10	1.0	83.83	82.74	88.11	86.91
bfbdcad2-2896-11e3-9993-90b11c09b194	4	hinge	vw_trainer	32	6	1	0.10000000000000001	61.68	63.18	69.4	69.86
bfbccfc4-2896-11e3-9993-90b11c09b194	2	hinge	vw_trainer	128	6	4	0.001	3.28	3.62	18.94	17.47
bfbc7646-2896-11e3-9993-90b11c09b194	2	hinge	vw_trainer	32	6	1	1.0	78.26	79.08	83.42	83.57
bfbc13a4-2896-11e3-9993-90b11c09b194	1	logistic	vw_trainer	128	6	1	0.001	0.67	0.89	14.86	13.45
bfba2f62-2896-11e3-9993-90b11c09b194	1	hinge	vw_trainer	32	6	1	0.10000000000000001	67.47	70.58	74.47	76.4
bfbd2302-2896-11e3-9993-90b11c09b194	2	logistic	vw_trainer	32	6	1	1.0	74.99	76.56	80.8	81.43
bfbdbfe2-2896-11e3-9993-90b11c09b194	2	logistic	vw_trainer	300	6	10	1.0	60.98	58.23	67.39	64.01
bfbdd1c6-2896-11e3-9993-90b11c09b194	4	hinge	vw_trainer	32	6	4	0.001	2.99	1.76	18.49	15.89
bfbc0878-2896-11e3-9993-90b11c09b194	1	logistic	vw_trainer	64	6	10	0.01	59.39	63.31	67.41	69.97
bfbe55ba-2896-11e3-9993-90b11c09b194	4	hinge	vw_trainer	300	6	4	0.01	16.64	14.84	26.76	24.1
bfbdffde-2896-11e3-9993-90b11c09b194	4	hinge	vw_trainer	64	6	4	0.01	1.72	0.96	20.5	18.09
bfbd147a-2896-11e3-9993-90b11c09b194	2	hinge	vw_trainer	300	6	10	1.0	61.13	58.39	67.69	64.3
bfbbc156-2896-11e3-9993-90b11c09b194	1	logistic	vw_trainer	32	6	1	0.10000000000000001	63.5	67.09	71.71	73.23
bfbb77be-2896-11e3-9993-90b11c09b194	1	hinge	vw_trainer	128	6	4	1.0	78.51	79.73	84.08	84.95
bfbb0626-2896-11e3-9993-90b11c09b194	1	hinge	vw_trainer	32	6	4	0.001	6.6	7.23	25.42	25.86
bfbdf1ce-2896-11e3-9993-90b11c09b194	4	hinge	vw_trainer	64	6	1	0.01	0.04	0.0	19.42	17.3
bfbd1858-2896-11e3-9993-90b11c09b194	2	logistic	vw_trainer	32	6	1	0.001	0.45	0.39	11.73	10.32
bfbd05ca-2896-11e3-9993-90b11c09b194	2	hinge	vw_trainer	300	6	4	1.0	53.1	51.48	60.74	57.95
bfbc5d1e-2896-11e3-9993-90b11c09b194	1	logistic	vw_trainer	300	6	10	0.001	15.7	15.45	31.3	30.1
bfbe8ea4-2896-11e3-9993-90b11c09b194	4	logistic	vw_trainer	32	6	10	0.01	38.51	37.5	49.73	47.24
bfbccbc8-2896-11e3-9993-90b11c09b194	2	hinge	vw_trainer	128	6	1	1.0	78.2	78.9	83.13	83.19
bfbcb2f0-2896-11e3-9993-90b11c09b194	2	hinge	vw_trainer	64	6	10	0.001	0.07	0.12	19.28	17.22
bfbd3bbc-2896-11e3-9993-90b11c09b194	2	logistic	vw_trainer	32	6	10	0.10000000000000001	74.44	75.72	79.8	80.47
bfbd86bc-2896-11e3-9993-90b11c09b194	2	logistic	vw_trainer	128	6	4	1.0	79.95	80.48	84.81	84.83
bfbd1f4c-2896-11e3-9993-90b11c09b194	2	logistic	vw_trainer	32	6	1	0.10000000000000001	61.49	64.71	69.95	71.49
bfbee08e-2896-11e3-9993-90b11c09b194	4	logistic	vw_trainer	128	6	10	0.001	1.14	1.62	17.33	16.06
bfbb3a9c-2896-11e3-9993-90b11c09b194	1	hinge	vw_trainer	64	6	1	1.0	75.43	76.47	81.55	82.4
bfbe478c-2896-11e3-9993-90b11c09b194	4	hinge	vw_trainer	300	6	1	0.01	7.07	6.62	20.71	18.88
bfbca85a-2896-11e3-9993-90b11c09b194	2	hinge	vw_trainer	64	6	4	0.01	40.14	43.41	52.12	54.19
bfbdaaa2-2896-11e3-9993-90b11c09b194	2	logistic	vw_trainer	300	6	4	0.01	15.57	15.38	29.48	27.81
bfbcd6d6-2896-11e3-9993-90b11c09b194	2	hinge	vw_trainer	128	6	4	0.10000000000000001	74.07	75.94	79.8	80.9
bfbde3be-2896-11e3-9993-90b11c09b194	4	hinge	vw_trainer	32	6	10	0.01	54.59	55.71	63.34	63.36
bfbbf61c-2896-11e3-9993-90b11c09b194	1	logistic	vw_trainer	64	6	4	0.001	0.72	0.48	19.19	16.82
bfbdce56-2896-11e3-9993-90b11c09b194	4	hinge	vw_trainer	32	6	1	1.0	77.05	77.47	81.7	81.73
bfbb92b2-2896-11e3-9993-90b11c09b194	1	hinge	vw_trainer	300	6	1	0.10000000000000001	66.48	68.72	73.92	75.59
bfbe8404-2896-11e3-9993-90b11c09b194	4	logistic	vw_trainer	32	6	4	0.10000000000000001	67.06	68.13	74.48	74.83
bfbc6b88-2896-11e3-9993-90b11c09b194	2	hinge	vw_trainer	32	6	1	0.001	0.28	0.13	16.73	14.74
bfbbeec4-2896-11e3-9993-90b11c09b194	1	logistic	vw_trainer	64	6	1	0.10000000000000001	61.27	65.42	69.64	72.03
bfbe95ca-2896-11e3-9993-90b11c09b194	4	logistic	vw_trainer	32	6	10	1.0	81.9	79.94	86.05	84.07
bfbb967c-2896-11e3-9993-90b11c09b194	1	hinge	vw_trainer	300	6	1	1.0	72.61	74.37	79.71	80.82
bfbbd07e-2896-11e3-9993-90b11c09b194	1	logistic	vw_trainer	32	6	4	0.10000000000000001	68.1	70.95	75.24	77.05
bfbba5c2-2896-11e3-9993-90b11c09b194	1	hinge	vw_trainer	300	6	4	1.0	75.87	77.44	82.44	83.19
bfbda37c-2896-11e3-9993-90b11c09b194	2	logistic	vw_trainer	300	6	1	1.0	41.66	40.61	50.69	48.32
bfbcecf2-2896-11e3-9993-90b11c09b194	2	hinge	vw_trainer	300	6	1	0.001	0.61	0.7	15.43	13.97
bfbeb56e-2896-11e3-9993-90b11c09b194	4	logistic	vw_trainer	64	6	10	0.001	0.19	0.2	17.05	15.2
bfbcba20-2896-11e3-9993-90b11c09b194	2	hinge	vw_trainer	64	6	10	0.10000000000000001	75.58	76.8	80.98	81.75
bfbc608e-2896-11e3-9993-90b11c09b194	1	logistic	vw_trainer	300	6	10	0.01	56.43	59.6	65.37	67.23
bfbcc4c0-2896-11e3-9993-90b11c09b194	2	hinge	vw_trainer	128	6	1	0.01	18.98	18.12	33.17	30.97
bfbc80e6-2896-11e3-9993-90b11c09b194	2	hinge	vw_trainer	32	6	4	0.10000000000000001	75.09	76.51	80.42	81.25
bfbc2254-2896-11e3-9993-90b11c09b194	1	logistic	vw_trainer	128	6	4	0.001	0.38	0.29	19.0	17.27
bfbe4b06-2896-11e3-9993-90b11c09b194	4	hinge	vw_trainer	300	6	1	0.10000000000000001	24.77	24.87	35.21	34.02
bfbc42ca-2896-11e3-9993-90b11c09b194	1	logistic	vw_trainer	300	6	1	0.01	15.41	16.61	31.39	31.93
bfbd50f2-2896-11e3-9993-90b11c09b194	2	logistic	vw_trainer	64	6	4	0.001	0.3	0.23	18.98	16.93
bfbb3312-2896-11e3-9993-90b11c09b194	1	hinge	vw_trainer	64	6	1	0.01	44.13	47.68	55.79	58.34
bfbeb8de-2896-11e3-9993-90b11c09b194	4	logistic	vw_trainer	64	6	10	0.01	1.09	1.01	20.15	18.28
bfbd4652-2896-11e3-9993-90b11c09b194	2	logistic	vw_trainer	64	6	1	0.01	0.01	0.0	19.44	17.3
bfbebd2a-2896-11e3-9993-90b11c09b194	4	logistic	vw_trainer	64	6	10	0.10000000000000001	70.42	71.75	76.79	77.34
bfbe8b3e-2896-11e3-9993-90b11c09b194	4	logistic	vw_trainer	32	6	10	0.001	2.46	1.3	19.8	17.01
bfbe75ae-2896-11e3-9993-90b11c09b194	4	logistic	vw_trainer	32	6	1	0.10000000000000001	46.21	45.4	56.79	54.68
bfbb4d8e-2896-11e3-9993-90b11c09b194	1	hinge	vw_trainer	64	6	10	0.001	34.87	35.24	47.9	47.22
bfbd708c-2896-11e3-9993-90b11c09b194	2	logistic	vw_trainer	128	6	1	0.01	0.38	0.28	19.64	17.45
bfbb278c-2896-11e3-9993-90b11c09b194	1	hinge	vw_trainer	32	6	10	0.10000000000000001	73.23	74.95	79.61	81.04
bfbbccbe-2896-11e3-9993-90b11c09b194	1	logistic	vw_trainer	32	6	4	0.01	48.95	52.64	57.97	59.92
bfbc8474-2896-11e3-9993-90b11c09b194	2	hinge	vw_trainer	32	6	4	1.0	82.98	83.19	87.22	86.87
bfbc1e94-2896-11e3-9993-90b11c09b194	1	logistic	vw_trainer	128	6	1	1.0	71.33	73.48	77.93	79.54
bfbb5978-2896-11e3-9993-90b11c09b194	1	hinge	vw_trainer	64	6	10	1.0	82.68	83.08	88.23	88.13
bfbb2f0c-2896-11e3-9993-90b11c09b194	1	hinge	vw_trainer	64	6	1	0.001	0.92	1.03	19.85	18.58
bfbbf23e-2896-11e3-9993-90b11c09b194	1	logistic	vw_trainer	64	6	1	1.0	73.08	74.33	79.6	80.29
bfb95290-2896-11e3-9993-90b11c09b194	1	hinge	vw_trainer	32	6	1	0.001	2.92	2.69	18.14	16.28
bfbea402-2896-11e3-9993-90b11c09b194	4	logistic	vw_trainer	64	6	1	1.0	69.87	71.18	75.98	76.54
bfbb7f2a-2896-11e3-9993-90b11c09b194	1	hinge	vw_trainer	128	6	10	0.01	61.87	64.96	69.59	71.83
bfbb1fa8-2896-11e3-9993-90b11c09b194	1	hinge	vw_trainer	32	6	10	0.001	34.1	34.8	48.78	48.51
bfbdee18-2896-11e3-9993-90b11c09b194	4	hinge	vw_trainer	64	6	1	0.001	1.97	1.61	5.41	4.85
bfbc5260-2896-11e3-9993-90b11c09b194	1	logistic	vw_trainer	300	6	4	0.01	45.8	50.23	56.28	59.11
bfbb426c-2896-11e3-9993-90b11c09b194	1	hinge	vw_trainer	64	6	4	0.01	58.53	62.53	66.54	69.06
bfbbfd88-2896-11e3-9993-90b11c09b194	1	logistic	vw_trainer	64	6	4	0.10000000000000001	67.87	70.42	75.07	76.58
bfbbb9a4-2896-11e3-9993-90b11c09b194	1	logistic	vw_trainer	32	6	1	0.001	3.48	3.91	14.3	13.26
bfbbc8e0-2896-11e3-9993-90b11c09b194	1	logistic	vw_trainer	32	6	4	0.001	2.1	2.04	19.43	17.29
bfbe7248-2896-11e3-9993-90b11c09b194	4	logistic	vw_trainer	32	6	1	0.01	1.4	0.66	20.16	17.57
bfbbdbc8-2896-11e3-9993-90b11c09b194	1	logistic	vw_trainer	32	6	10	0.01	59.04	62.96	67.17	69.55
bfbb6c6a-2896-11e3-9993-90b11c09b194	1	hinge	vw_trainer	128	6	4	0.001	6.79	7.53	25.24	25.45
bfbd57d2-2896-11e3-9993-90b11c09b194	2	logistic	vw_trainer	64	6	4	0.10000000000000001	68.05	71.06	75.03	76.6
bfbbae3c-2896-11e3-9993-90b11c09b194	1	hinge	vw_trainer	300	6	10	0.01	61.88	65.56	70.0	72.62
bfbc9dba-2896-11e3-9993-90b11c09b194	2	hinge	vw_trainer	64	6	1	0.10000000000000001	64.38	68.6	72.18	74.98
bfbc4b3a-2896-11e3-9993-90b11c09b194	1	logistic	vw_trainer	300	6	1	1.0	70.36	72.42	77.51	79.13
bfbdc35c-2896-11e3-9993-90b11c09b194	4	hinge	vw_trainer	32	6	1	0.001	4.82	4.7	9.58	8.8
bfbc72cc-2896-11e3-9993-90b11c09b194	2	hinge	vw_trainer	32	6	1	0.10000000000000001	69.25	71.95	75.94	77.26
bfbf00e6-2896-11e3-9993-90b11c09b194	4	logistic	vw_trainer	300	6	4	0.01	7.89	7.79	21.86	19.95
bfbbeaf0-2896-11e3-9993-90b11c09b194	1	logistic	vw_trainer	64	6	1	0.01	10.61	11.69	30.62	30.73
bfbdb8f8-2896-11e3-9993-90b11c09b194	2	logistic	vw_trainer	300	6	10	0.01	22.46	22.57	35.27	33.83
bfbd5b88-2896-11e3-9993-90b11c09b194	2	logistic	vw_trainer	64	6	4	1.0	79.78	80.76	84.62	85.03
bfbe0a88-2896-11e3-9993-90b11c09b194	4	hinge	vw_trainer	64	6	10	0.001	0.11	0.12	19.24	17.19
bfbcda50-2896-11e3-9993-90b11c09b194	2	hinge	vw_trainer	128	6	4	1.0	82.27	82.66	86.68	86.48
bfbd0d5e-2896-11e3-9993-90b11c09b194	2	hinge	vw_trainer	300	6	10	0.01	35.98	35.39	46.39	44.38
bfbcaf6c-2896-11e3-9993-90b11c09b194	2	hinge	vw_trainer	64	6	4	1.0	81.37	82.29	85.54	86.13
bfbc3bc2-2896-11e3-9993-90b11c09b194	1	logistic	vw_trainer	128	6	10	1.0	79.89	81.14	85.5	86.06
bfbcf076-2896-11e3-9993-90b11c09b194	2	hinge	vw_trainer	300	6	1	0.01	17.28	16.92	29.81	28.03
bfbca134-2896-11e3-9993-90b11c09b194	2	hinge	vw_trainer	64	6	1	1.0	76.42	77.98	81.66	82.6
bfbf0b54-2896-11e3-9993-90b11c09b194	4	logistic	vw_trainer	300	6	10	0.001	0.47	0.63	18.48	16.77
bfbb68c8-2896-11e3-9993-90b11c09b194	1	hinge	vw_trainer	128	6	1	1.0	74.68	76.07	80.8	81.87
bfbefd30-2896-11e3-9993-90b11c09b194	4	logistic	vw_trainer	300	6	4	0.001	0.49	0.58	17.26	15.67
bfbb1300-2896-11e3-9993-90b11c09b194	1	hinge	vw_trainer	32	6	4	0.01	59.74	63.94	67.41	70.08
bfbd4d6e-2896-11e3-9993-90b11c09b194	2	logistic	vw_trainer	64	6	1	1.0	74.06	75.81	79.76	80.86
bfbd986e-2896-11e3-9993-90b11c09b194	2	logistic	vw_trainer	300	6	1	0.001	0.99	0.77	12.41	11.07
bfbc8bae-2896-11e3-9993-90b11c09b194	2	hinge	vw_trainer	32	6	10	0.01	62.39	65.39	70.69	72.48
bfbc961c-2896-11e3-9993-90b11c09b194	2	hinge	vw_trainer	64	6	1	0.001	1.71	1.44	15.29	13.91
bfbdc712-2896-11e3-9993-90b11c09b194	4	hinge	vw_trainer	32	6	1	0.01	1.65	1.03	20.23	17.65
bfbcfb3e-2896-11e3-9993-90b11c09b194	2	hinge	vw_trainer	300	6	4	0.001	2.46	1.61	16.89	14.74
bfbbb5d0-2896-11e3-9993-90b11c09b194	1	hinge	vw_trainer	300	6	10	1.0	79.96	80.2	85.66	85.49
bfbbd7e0-2896-11e3-9993-90b11c09b194	1	logistic	vw_trainer	32	6	10	0.001	12.13	10.53	29.11	26.67
bfbb9e10-2896-11e3-9993-90b11c09b194	1	hinge	vw_trainer	300	6	4	0.01	57.74	61.65	65.96	68.73
bfbcbd90-2896-11e3-9993-90b11c09b194	2	hinge	vw_trainer	64	6	10	1.0	84.49	84.4	88.3	87.86
bfbc04cc-2896-11e3-9993-90b11c09b194	1	logistic	vw_trainer	64	6	10	0.001	14.39	13.69	32.29	30.65
bfbd0980-2896-11e3-9993-90b11c09b194	2	hinge	vw_trainer	300	6	10	0.001	7.48	7.49	19.44	18.09
bfbd2d8e-2896-11e3-9993-90b11c09b194	2	logistic	vw_trainer	32	6	4	0.10000000000000001	71.51	73.73	77.53	78.76
bfbe1168-2896-11e3-9993-90b11c09b194	4	hinge	vw_trainer	64	6	10	0.10000000000000001	73.33	74.94	78.95	79.86
bfbe4408-2896-11e3-9993-90b11c09b194	4	hinge	vw_trainer	300	6	1	0.001	2.25	2.8	13.59	12.73
bfbd7b36-2896-11e3-9993-90b11c09b194	2	logistic	vw_trainer	128	6	4	0.001	0.73	0.76	18.8	16.77
bfbe524a-2896-11e3-9993-90b11c09b194	4	hinge	vw_trainer	300	6	4	0.001	4.75	4.35	19.46	17.76
bfbce590-2896-11e3-9993-90b11c09b194	2	hinge	vw_trainer	128	6	10	0.10000000000000001	76.3	77.82	81.6	82.37
bfbc4ee6-2896-11e3-9993-90b11c09b194	1	logistic	vw_trainer	300	6	4	0.001	3.01	2.68	19.6	17.63
bfbcd352-2896-11e3-9993-90b11c09b194	2	hinge	vw_trainer	128	6	4	0.01	56.83	60.56	66.23	68.35
bfbd314e-2896-11e3-9993-90b11c09b194	2	logistic	vw_trainer	32	6	4	1.0	79.79	79.86	84.85	84.14
bfbb17d8-2896-11e3-9993-90b11c09b194	1	hinge	vw_trainer	32	6	4	0.10000000000000001	71.35	73.36	77.81	79.1
bfbd5f02-2896-11e3-9993-90b11c09b194	2	logistic	vw_trainer	64	6	10	0.001	0.06	0.04	19.38	17.24
bfbcb69c-2896-11e3-9993-90b11c09b194	2	hinge	vw_trainer	64	6	10	0.01	59.51	63.41	68.29	70.79
bfbed9a4-2896-11e3-9993-90b11c09b194	4	logistic	vw_trainer	128	6	4	0.10000000000000001	30.12	30.88	42.33	42.07
bfbd42e2-2896-11e3-9993-90b11c09b194	2	logistic	vw_trainer	64	6	1	0.001	2.58	2.41	13.68	12.63
bfbbc50c-2896-11e3-9993-90b11c09b194	1	logistic	vw_trainer	32	6	1	1.0	73.38	74.93	79.93	80.9
bfbd661e-2896-11e3-9993-90b11c09b194	2	logistic	vw_trainer	64	6	10	0.10000000000000001	73.35	75.08	79.12	80.11
bfbe2748-2896-11e3-9993-90b11c09b194	4	hinge	vw_trainer	128	6	4	0.001	1.24	0.86	16.53	14.52
bfbdb542-2896-11e3-9993-90b11c09b194	2	logistic	vw_trainer	300	6	10	0.001	1.25	0.82	17.64	15.81
bfbe679e-2896-11e3-9993-90b11c09b194	4	hinge	vw_trainer	300	6	10	0.10000000000000001	32.7	32.87	42.28	41.36
bfbbbd8c-2896-11e3-9993-90b11c09b194	1	logistic	vw_trainer	32	6	1	0.01	4.42	5.4	22.29	21.57
bfbf0460-2896-11e3-9993-90b11c09b194	4	logistic	vw_trainer	300	6	4	0.10000000000000001	22.87	22.47	33.91	31.83
bfbdd57c-2896-11e3-9993-90b11c09b194	4	hinge	vw_trainer	32	6	4	0.01	40.07	40.98	50.67	49.7
bfbb702a-2896-11e3-9993-90b11c09b194	1	hinge	vw_trainer	128	6	4	0.01	58.46	62.4	66.29	69.24
bfbbe6f4-2896-11e3-9993-90b11c09b194	1	logistic	vw_trainer	64	6	1	0.001	1.01	1.31	17.17	15.74
bfbc59a4-2896-11e3-9993-90b11c09b194	1	logistic	vw_trainer	300	6	4	1.0	74.23	75.71	81.21	82.18
bfbcc10a-2896-11e3-9993-90b11c09b194	2	hinge	vw_trainer	128	6	1	0.001	2.58	3.03	16.18	14.93
bfbe0e02-2896-11e3-9993-90b11c09b194	4	hinge	vw_trainer	64	6	10	0.01	44.98	45.92	55.2	54.9
bfbecefa-2896-11e3-9993-90b11c09b194	4	logistic	vw_trainer	128	6	1	1.0	38.56	38.75	48.79	47.53
bfbed26a-2896-11e3-9993-90b11c09b194	4	logistic	vw_trainer	128	6	4	0.001	1.42	1.6	15.05	13.78
bfbc6480-2896-11e3-9993-90b11c09b194	1	logistic	vw_trainer	300	6	10	0.10000000000000001	68.71	70.75	75.9	77.22
bfbb834e-2896-11e3-9993-90b11c09b194	1	hinge	vw_trainer	128	6	10	0.10000000000000001	72.39	74.03	79.16	80.59
bfbb5d2e-2896-11e3-9993-90b11c09b194	1	hinge	vw_trainer	128	6	1	0.001	0.86	1.03	14.85	13.58
bfbec0ae-2896-11e3-9993-90b11c09b194	4	logistic	vw_trainer	64	6	10	1.0	82.05	80.92	86.04	84.93
bfbe14d8-2896-11e3-9993-90b11c09b194	4	hinge	vw_trainer	64	6	10	1.0	83.49	82.36	87.07	85.9
bfbed5e4-2896-11e3-9993-90b11c09b194	4	logistic	vw_trainer	128	6	4	0.01	2.16	1.71	21.51	19.88
bfbcfed6-2896-11e3-9993-90b11c09b194	2	hinge	vw_trainer	300	6	4	0.01	28.16	27.96	39.5	37.86
bfbe60be-2896-11e3-9993-90b11c09b194	4	hinge	vw_trainer	300	6	10	0.001	5.45	5.61	18.55	17.38
bfbeeb92-2896-11e3-9993-90b11c09b194	4	logistic	vw_trainer	128	6	10	1.0	61.06	56.61	66.87	62.35
bfbb55ae-2896-11e3-9993-90b11c09b194	1	hinge	vw_trainer	64	6	10	0.10000000000000001	72.9	74.09	79.35	80.5
bfbee80e-2896-11e3-9993-90b11c09b194	4	logistic	vw_trainer	128	6	10	0.10000000000000001	39.16	38.42	49.09	47.32
bfbde742-2896-11e3-9993-90b11c09b194	4	hinge	vw_trainer	32	6	10	0.10000000000000001	75.06	75.5	80.62	80.65
bfbbdf92-2896-11e3-9993-90b11c09b194	1	logistic	vw_trainer	32	6	10	0.10000000000000001	71.15	72.61	77.59	78.88
bfbc8f32-2896-11e3-9993-90b11c09b194	2	hinge	vw_trainer	32	6	10	0.10000000000000001	76.76	78.0	81.96	82.65
bfbd3842-2896-11e3-9993-90b11c09b194	2	logistic	vw_trainer	32	6	10	0.01	55.91	59.36	65.39	67.46
bfbce932-2896-11e3-9993-90b11c09b194	2	hinge	vw_trainer	128	6	10	1.0	85.51	84.35	89.42	87.93
bfbca4a4-2896-11e3-9993-90b11c09b194	2	hinge	vw_trainer	64	6	4	0.001	0.09	0.0	19.28	17.18
bfbd8dba-2896-11e3-9993-90b11c09b194	2	logistic	vw_trainer	128	6	10	0.01	50.17	53.78	61.09	63.53
bfbbe33e-2896-11e3-9993-90b11c09b194	1	logistic	vw_trainer	32	6	10	1.0	79.67	80.47	85.35	85.32
bfbe5d30-2896-11e3-9993-90b11c09b194	4	hinge	vw_trainer	300	6	4	1.0	41.24	39.07	49.85	46.53
bfbc87f8-2896-11e3-9993-90b11c09b194	2	hinge	vw_trainer	32	6	10	0.001	9.67	9.58	25.66	24.79
bfbb4636-2896-11e3-9993-90b11c09b194	1	hinge	vw_trainer	64	6	4	0.10000000000000001	70.72	73.08	77.35	78.82
bfbc7d30-2896-11e3-9993-90b11c09b194	2	hinge	vw_trainer	32	6	4	0.01	56.05	58.98	65.69	67.39
bfbc2ccc-2896-11e3-9993-90b11c09b194	1	logistic	vw_trainer	128	6	4	1.0	75.86	77.39	81.9	82.95
bfbef632-2896-11e3-9993-90b11c09b194	4	logistic	vw_trainer	300	6	1	0.10000000000000001	17.39	16.24	30.42	27.58
bfbbd42a-2896-11e3-9993-90b11c09b194	1	logistic	vw_trainer	32	6	4	1.0	76.84	77.55	82.84	83.2
bfbb49e2-2896-11e3-9993-90b11c09b194	1	hinge	vw_trainer	64	6	4	1.0	79.72	80.62	85.36	85.87
bfbd34d2-2896-11e3-9993-90b11c09b194	2	logistic	vw_trainer	32	6	10	0.001	0.65	0.65	19.46	17.3
bfbb64fe-2896-11e3-9993-90b11c09b194	1	hinge	vw_trainer	128	6	1	0.10000000000000001	66.78	69.93	73.5	75.52
bfbea772-2896-11e3-9993-90b11c09b194	4	logistic	vw_trainer	64	6	4	0.001	1.77	1.91	8.4	7.68
bfbd6d1c-2896-11e3-9993-90b11c09b194	2	logistic	vw_trainer	128	6	1	0.001	5.24	5.04	17.74	16.09
bfbd8a40-2896-11e3-9993-90b11c09b194	2	logistic	vw_trainer	128	6	10	0.001	1.9	2.26	19.62	17.8
bfbc0c1a-2896-11e3-9993-90b11c09b194	1	logistic	vw_trainer	64	6	10	0.10000000000000001	70.45	72.24	77.26	78.61
bfbecb6c-2896-11e3-9993-90b11c09b194	4	logistic	vw_trainer	128	6	1	0.10000000000000001	7.41	5.55	26.42	24.0
bfbeb208-2896-11e3-9993-90b11c09b194	4	logistic	vw_trainer	64	6	4	1.0	79.55	79.12	83.96	83.13
bfbe87c4-2896-11e3-9993-90b11c09b194	4	logistic	vw_trainer	32	6	4	1.0	79.41	78.87	83.75	82.99
bfbda6f6-2896-11e3-9993-90b11c09b194	2	logistic	vw_trainer	300	6	4	0.001	0.55	0.28	17.9	15.97
bfbc3f5a-2896-11e3-9993-90b11c09b194	1	logistic	vw_trainer	300	6	1	0.001	7.79	7.65	16.35	15.26
bfbedd1e-2896-11e3-9993-90b11c09b194	4	logistic	vw_trainer	128	6	4	1.0	53.72	52.38	60.73	58.82
bfbb516c-2896-11e3-9993-90b11c09b194	1	hinge	vw_trainer	64	6	10	0.01	61.17	64.94	68.88	71.33
bfbe6b54-2896-11e3-9993-90b11c09b194	4	hinge	vw_trainer	300	6	10	1.0	45.77	42.75	53.57	49.64
bfbcf774-2896-11e3-9993-90b11c09b194	2	hinge	vw_trainer	300	6	1	1.0	45.79	44.2	54.36	51.55
bfbc0fd0-2896-11e3-9993-90b11c09b194	1	logistic	vw_trainer	64	6	10	1.0	80.23	81.27	85.9	86.41
bfbd7eb0-2896-11e3-9993-90b11c09b194	2	logistic	vw_trainer	128	6	4	0.01	27.72	29.31	43.03	43.31
bfbdf8ae-2896-11e3-9993-90b11c09b194	4	hinge	vw_trainer	64	6	1	1.0	74.11	75.46	79.22	80.08
bfbe994e-2896-11e3-9993-90b11c09b194	4	logistic	vw_trainer	64	6	1	0.001	1.81	1.63	4.36	3.87
bfbe188e-2896-11e3-9993-90b11c09b194	4	hinge	vw_trainer	128	6	1	0.001	5.15	4.84	11.79	10.78
bfbc37da-2896-11e3-9993-90b11c09b194	1	logistic	vw_trainer	128	6	10	0.10000000000000001	69.75	71.6	76.79	78.07
bfbe31ca-2896-11e3-9993-90b11c09b194	4	hinge	vw_trainer	128	6	4	1.0	54.8	51.85	61.88	58.32
bfbdeab2-2896-11e3-9993-90b11c09b194	4	hinge	vw_trainer	32	6	10	1.0	85.83	83.41	89.04	86.86
bfbe2004-2896-11e3-9993-90b11c09b194	4	hinge	vw_trainer	128	6	1	0.10000000000000001	34.35	33.85	45.2	43.41
bfbbf9be-2896-11e3-9993-90b11c09b194	1	logistic	vw_trainer	64	6	4	0.01	51.78	55.7	60.88	62.96
bfbb8b00-2896-11e3-9993-90b11c09b194	1	hinge	vw_trainer	300	6	1	0.001	4.07	3.42	16.72	14.72
bfbb9a3c-2896-11e3-9993-90b11c09b194	1	hinge	vw_trainer	300	6	4	0.001	20.06	18.43	33.43	30.8
bfbf1608-2896-11e3-9993-90b11c09b194	4	logistic	vw_trainer	300	6	10	1.0	44.11	41.66	51.89	48.57
bfbe5934-2896-11e3-9993-90b11c09b194	4	hinge	vw_trainer	300	6	4	0.10000000000000001	30.06	30.74	39.78	39.17
bfbf0f14-2896-11e3-9993-90b11c09b194	4	logistic	vw_trainer	300	6	10	0.01	12.9	12.35	25.1	22.95
bfbdb1d2-2896-11e3-9993-90b11c09b194	2	logistic	vw_trainer	300	6	4	1.0	50.09	49.23	58.01	56.1
bfbdf552-2896-11e3-9993-90b11c09b194	4	hinge	vw_trainer	64	6	1	0.10000000000000001	40.71	42.1	53.42	53.12
bfbcf3e6-2896-11e3-9993-90b11c09b194	2	hinge	vw_trainer	300	6	1	0.10000000000000001	39.96	40.03	49.72	48.57
bfbb8ec0-2896-11e3-9993-90b11c09b194	1	hinge	vw_trainer	300	6	1	0.01	49.75	53.45	58.85	61.59
bfbba9c8-2896-11e3-9993-90b11c09b194	1	hinge	vw_trainer	300	6	10	0.001	30.86	30.21	41.9	39.89
bfb9c07c-2896-11e3-9993-90b11c09b194	1	hinge	vw_trainer	32	6	1	0.01	32.57	34.06	46.51	46.72
bfbd9ff8-2896-11e3-9993-90b11c09b194	2	logistic	vw_trainer	300	6	1	0.10000000000000001	27.72	28.2	39.78	38.71
bfbd69a2-2896-11e3-9993-90b11c09b194	2	logistic	vw_trainer	64	6	10	1.0	82.53	82.19	87.01	86.25
bfbe7950-2896-11e3-9993-90b11c09b194	4	logistic	vw_trainer	32	6	1	1.0	72.91	73.41	78.46	78.34
bfbddfd6-2896-11e3-9993-90b11c09b194	4	hinge	vw_trainer	32	6	10	0.001	8.11	6.22	23.18	19.98
bfba9b32-2896-11e3-9993-90b11c09b194	1	hinge	vw_trainer	32	6	1	1.0	75.28	76.59	81.45	82.47
bfbc6818-2896-11e3-9993-90b11c09b194	1	logistic	vw_trainer	300	6	10	1.0	78.65	79.53	85.05	85.61
bfbb73fe-2896-11e3-9993-90b11c09b194	1	hinge	vw_trainer	128	6	4	0.10000000000000001	70.57	72.29	77.11	78.74
bfbcc84e-2896-11e3-9993-90b11c09b194	2	hinge	vw_trainer	128	6	1	0.10000000000000001	67.98	71.0	74.71	76.51
bfbdd8f6-2896-11e3-9993-90b11c09b194	4	hinge	vw_trainer	32	6	4	0.10000000000000001	71.86	72.99	78.02	78.74
bfbe4048-2896-11e3-9993-90b11c09b194	4	hinge	vw_trainer	128	6	10	1.0	60.76	56.69	66.69	62.26
bfbea07e-2896-11e3-9993-90b11c09b194	4	logistic	vw_trainer	64	6	1	0.10000000000000001	9.23	8.2	29.08	27.05
bfbeae8e-2896-11e3-9993-90b11c09b194	4	logistic	vw_trainer	64	6	4	0.10000000000000001	57.17	58.32	66.21	66.13
bfbe395e-2896-11e3-9993-90b11c09b194	4	hinge	vw_trainer	128	6	10	0.01	30.07	28.58	39.63	36.92
bfbeaad8-2896-11e3-9993-90b11c09b194	4	logistic	vw_trainer	64	6	4	0.01	0.0	0.0	19.45	17.33
bfbb7b6a-2896-11e3-9993-90b11c09b194	1	hinge	vw_trainer	128	6	10	0.001	35.1	35.87	47.27	47.26
bfbc46f8-2896-11e3-9993-90b11c09b194	1	logistic	vw_trainer	300	6	1	0.10000000000000001	58.04	61.2	67.28	68.8
bfbd49b8-2896-11e3-9993-90b11c09b194	2	logistic	vw_trainer	64	6	1	0.10000000000000001	43.52	46.16	55.24	56.4
bfbc295c-2896-11e3-9993-90b11c09b194	1	logistic	vw_trainer	128	6	4	0.10000000000000001	67.03	70.19	74.27	76.22
bfbc25d8-2896-11e3-9993-90b11c09b194	1	logistic	vw_trainer	128	6	4	0.01	44.65	48.26	55.01	57.12
bfbb23b8-2896-11e3-9993-90b11c09b194	1	hinge	vw_trainer	32	6	10	0.01	63.18	66.72	70.49	72.76
bfbd1100-2896-11e3-9993-90b11c09b194	2	hinge	vw_trainer	300	6	10	0.10000000000000001	47.37	47.07	56.28	54.65
bfbe3cce-2896-11e3-9993-90b11c09b194	4	hinge	vw_trainer	128	6	10	0.10000000000000001	45.56	43.73	54.39	51.43
bfbe2392-2896-11e3-9993-90b11c09b194	4	hinge	vw_trainer	128	6	1	1.0	47.93	46.03	56.44	53.52
bfbb36e6-2896-11e3-9993-90b11c09b194	1	hinge	vw_trainer	64	6	1	0.10000000000000001	67.16	69.91	74.1	75.64
bfbd1be6-2896-11e3-9993-90b11c09b194	2	logistic	vw_trainer	32	6	1	0.01	0.12	0.12	19.26	17.14
bfbc1b10-2896-11e3-9993-90b11c09b194	1	logistic	vw_trainer	128	6	1	0.10000000000000001	58.83	62.32	67.38	69.16
bfbd9c10-2896-11e3-9993-90b11c09b194	2	logistic	vw_trainer	300	6	1	0.01	2.96	2.98	20.69	18.77
bfbd3f5e-2896-11e3-9993-90b11c09b194	2	logistic	vw_trainer	32	6	10	1.0	82.16	81.37	86.8	85.59
bfbef2b8-2896-11e3-9993-90b11c09b194	4	logistic	vw_trainer	300	6	1	0.01	1.89	1.53	18.18	16.14
bfbd025a-2896-11e3-9993-90b11c09b194	2	hinge	vw_trainer	300	6	4	0.10000000000000001	44.92	44.89	54.13	52.73
bfbe9214-2896-11e3-9993-90b11c09b194	4	logistic	vw_trainer	32	6	10	0.10000000000000001	72.47	73.0	78.51	78.66
bfbba1d0-2896-11e3-9993-90b11c09b194	1	hinge	vw_trainer	300	6	4	0.10000000000000001	69.76	72.04	76.64	78.15
bfbe1c08-2896-11e3-9993-90b11c09b194	4	hinge	vw_trainer	128	6	1	0.01	6.96	6.54	23.97	22.94
bfbee480-2896-11e3-9993-90b11c09b194	4	logistic	vw_trainer	128	6	10	0.01	12.64	13.4	28.21	27.17
bfbcde1a-2896-11e3-9993-90b11c09b194	2	hinge	vw_trainer	128	6	10	0.001	19.62	20.33	32.77	32.51
bfbc3456-2896-11e3-9993-90b11c09b194	1	logistic	vw_trainer	128	6	10	0.01	55.83	60.12	64.09	66.97
bfbb8722-2896-11e3-9993-90b11c09b194	1	hinge	vw_trainer	128	6	10	1.0	81.94	82.73	87.27	87.56
bfbf1298-2896-11e3-9993-90b11c09b194	4	logistic	vw_trainer	300	6	10	0.10000000000000001	28.73	29.17	38.54	37.44
bfbdae58-2896-11e3-9993-90b11c09b194	2	logistic	vw_trainer	300	6	4	0.10000000000000001	38.1	38.41	48.25	46.83
bfbc92ac-2896-11e3-9993-90b11c09b194	2	hinge	vw_trainer	32	6	10	1.0	86.77	85.54	90.46	88.83
bfbec432-2896-11e3-9993-90b11c09b194	4	logistic	vw_trainer	128	6	1	0.001	3.54	3.28	9.32	8.7
bfbd5462-2896-11e3-9993-90b11c09b194	2	logistic	vw_trainer	64	6	4	0.01	3.52	2.7	21.49	18.9
bfbdfc64-2896-11e3-9993-90b11c09b194	4	hinge	vw_trainer	64	6	4	0.001	0.6	0.47	15.4	13.95
bfbd744c-2896-11e3-9993-90b11c09b194	2	logistic	vw_trainer	128	6	1	0.10000000000000001	50.3	53.71	61.51	62.97
bfbddc66-2896-11e3-9993-90b11c09b194	4	hinge	vw_trainer	32	6	4	1.0	82.11	81.46	85.83	85.14
bfbc1750-2896-11e3-9993-90b11c09b194	1	logistic	vw_trainer	128	6	1	0.01	2.87	2.54	21.23	19.16
bfbbb210-2896-11e3-9993-90b11c09b194	1	hinge	vw_trainer	300	6	10	0.10000000000000001	71.14	73.14	78.01	79.15
bfbd267c-2896-11e3-9993-90b11c09b194	2	logistic	vw_trainer	32	6	4	0.001	0.14	0.04	19.13	16.99
bfbec7ac-2896-11e3-9993-90b11c09b194	4	logistic	vw_trainer	128	6	1	0.01	0.23	0.23	19.09	17.1
bfbd8310-2896-11e3-9993-90b11c09b194	2	logistic	vw_trainer	128	6	4	0.10000000000000001	68.99	71.87	75.93	77.22
bfbf07e4-2896-11e3-9993-90b11c09b194	4	logistic	vw_trainer	300	6	4	1.0	37.7	36.78	46.44	44.24
bfbce19e-2896-11e3-9993-90b11c09b194	2	hinge	vw_trainer	128	6	10	0.01	61.49	65.35	70.1	72.46
bfbc00f8-2896-11e3-9993-90b11c09b194	1	logistic	vw_trainer	64	6	4	1.0	76.33	77.38	82.48	83.14
bfbe0362-2896-11e3-9993-90b11c09b194	4	hinge	vw_trainer	64	6	4	0.10000000000000001	68.73	70.69	75.35	76.38
bfbd29f6-2896-11e3-9993-90b11c09b194	2	logistic	vw_trainer	32	6	4	0.01	36.49	39.76	49.84	51.76
bfbe9cc8-2896-11e3-9993-90b11c09b194	4	logistic	vw_trainer	64	6	1	0.01	0.03	0.0	19.31	17.25
bfbe809e-2896-11e3-9993-90b11c09b194	4	logistic	vw_trainer	32	6	4	0.01	7.58	7.1	25.04	22.95
bfbef9b6-2896-11e3-9993-90b11c09b194	4	logistic	vw_trainer	300	6	1	1.0	28.88	30.25	38.95	38.59
bfbdbc72-2896-11e3-9993-90b11c09b194	2	logistic	vw_trainer	300	6	10	0.10000000000000001	43.46	43.83	52.54	51.15
bfbeef02-2896-11e3-9993-90b11c09b194	4	logistic	vw_trainer	300	6	1	0.001	2.57	3.29	9.64	9.64
bfbc5620-2896-11e3-9993-90b11c09b194	1	logistic	vw_trainer	300	6	4	0.10000000000000001	66.02	68.79	73.88	75.49
bfbc79b6-2896-11e3-9993-90b11c09b194	2	hinge	vw_trainer	32	6	4	0.001	0.21	0.11	18.82	16.65
bfbe7d1a-2896-11e3-9993-90b11c09b194	4	logistic	vw_trainer	32	6	4	0.001	4.69	3.77	15.46	13.53
bfbb2b4c-2896-11e3-9993-90b11c09b194	1	hinge	vw_trainer	32	6	10	1.0	83.77	84.06	89.24	88.81
bfbc6f0c-2896-11e3-9993-90b11c09b194	2	hinge	vw_trainer	32	6	1	0.01	6.82	6.18	23.87	21.31
bfbcabde-2896-11e3-9993-90b11c09b194	2	hinge	vw_trainer	64	6	4	0.10000000000000001	72.73	74.86	78.54	80.09
bfbe2e5a-2896-11e3-9993-90b11c09b194	4	hinge	vw_trainer	128	6	4	0.10000000000000001	40.51	39.8	49.97	48.06
bfbe4ebc-2896-11e3-9993-90b11c09b194	4	hinge	vw_trainer	300	6	1	1.0	35.66	35.28	45.36	43.28
bfbe6438-2896-11e3-9993-90b11c09b194	4	hinge	vw_trainer	300	6	10	0.01	20.37	18.72	29.58	27.15
bfbc3082-2896-11e3-9993-90b11c09b194	1	logistic	vw_trainer	128	6	10	0.001	3.08	3.03	22.39	20.93
bfbd77bc-2896-11e3-9993-90b11c09b194	2	logistic	vw_trainer	128	6	1	1.0	72.36	74.61	78.69	79.79
bfbe35c6-2896-11e3-9993-90b11c09b194	4	hinge	vw_trainer	128	6	10	0.001	3.85	3.29	17.63	15.62
bfbe06d2-2896-11e3-9993-90b11c09b194	4	hinge	vw_trainer	64	6	4	1.0	79.83	80.23	83.96	84.07
bfbb3e70-2896-11e3-9993-90b11c09b194	1	hinge	vw_trainer	64	6	4	0.001	15.22	14.73	35.78	35.27
bfbb1be8-2896-11e3-9993-90b11c09b194	1	hinge	vw_trainer	32	6	4	1.0	80.18	81.05	85.76	86.22
bfbe6ece-2896-11e3-9993-90b11c09b194	4	logistic	vw_trainer	32	6	1	0.001	5.16	4.93	8.23	7.59
