uuid	context_size	loss	moniker	nn	oaa	passes	sample_training	f1(training)	f1(testing)
bfbd6272-2896-11e3-9993-90b11c09b194	2	logistic	vw_trainer	64	6	10	0.01	35.92	37.92
bfbc9a22-2896-11e3-9993-90b11c09b194	2	hinge	vw_trainer	64	6	1	0.01	0.04	0.0
bfbe2ae0-2896-11e3-9993-90b11c09b194	4	hinge	vw_trainer	128	6	4	0.01	22.84	22.64
bfbb6102-2896-11e3-9993-90b11c09b194	1	hinge	vw_trainer	128	6	1	0.01	38.23	40.21
bfbd9170-2896-11e3-9993-90b11c09b194	2	logistic	vw_trainer	128	6	10	0.10000000000000001	73.52	75.22
bfbd94f4-2896-11e3-9993-90b11c09b194	2	logistic	vw_trainer	128	6	10	1.0	83.83	82.74
bfbdcad2-2896-11e3-9993-90b11c09b194	4	hinge	vw_trainer	32	6	1	0.10000000000000001	61.68	63.18
bfbccfc4-2896-11e3-9993-90b11c09b194	2	hinge	vw_trainer	128	6	4	0.001	3.28	3.62
bfbc7646-2896-11e3-9993-90b11c09b194	2	hinge	vw_trainer	32	6	1	1.0	78.26	79.08
bfbc13a4-2896-11e3-9993-90b11c09b194	1	logistic	vw_trainer	128	6	1	0.001	0.67	0.89
bfba2f62-2896-11e3-9993-90b11c09b194	1	hinge	vw_trainer	32	6	1	0.10000000000000001	67.47	70.58
bfbd2302-2896-11e3-9993-90b11c09b194	2	logistic	vw_trainer	32	6	1	1.0	74.99	76.56
bfbdbfe2-2896-11e3-9993-90b11c09b194	2	logistic	vw_trainer	300	6	10	1.0	60.98	58.23
bfbdd1c6-2896-11e3-9993-90b11c09b194	4	hinge	vw_trainer	32	6	4	0.001	2.99	1.76
bfbc0878-2896-11e3-9993-90b11c09b194	1	logistic	vw_trainer	64	6	10	0.01	59.39	63.31
bfbe55ba-2896-11e3-9993-90b11c09b194	4	hinge	vw_trainer	300	6	4	0.01	16.64	14.84
bfbdffde-2896-11e3-9993-90b11c09b194	4	hinge	vw_trainer	64	6	4	0.01	1.72	0.96
bfbd147a-2896-11e3-9993-90b11c09b194	2	hinge	vw_trainer	300	6	10	1.0	61.13	58.39
bfbbc156-2896-11e3-9993-90b11c09b194	1	logistic	vw_trainer	32	6	1	0.10000000000000001	63.5	67.09
bfbb77be-2896-11e3-9993-90b11c09b194	1	hinge	vw_trainer	128	6	4	1.0	78.51	79.73
bfbb0626-2896-11e3-9993-90b11c09b194	1	hinge	vw_trainer	32	6	4	0.001	6.6	7.23
bfbdf1ce-2896-11e3-9993-90b11c09b194	4	hinge	vw_trainer	64	6	1	0.01	0.04	0.0
bfbd1858-2896-11e3-9993-90b11c09b194	2	logistic	vw_trainer	32	6	1	0.001	0.45	0.39
bfbd05ca-2896-11e3-9993-90b11c09b194	2	hinge	vw_trainer	300	6	4	1.0	53.1	51.48
bfbc5d1e-2896-11e3-9993-90b11c09b194	1	logistic	vw_trainer	300	6	10	0.001	15.7	15.45
bfbe8ea4-2896-11e3-9993-90b11c09b194	4	logistic	vw_trainer	32	6	10	0.01	38.51	37.5
bfbccbc8-2896-11e3-9993-90b11c09b194	2	hinge	vw_trainer	128	6	1	1.0	78.2	78.9
bfbcb2f0-2896-11e3-9993-90b11c09b194	2	hinge	vw_trainer	64	6	10	0.001	0.07	0.12
bfbd3bbc-2896-11e3-9993-90b11c09b194	2	logistic	vw_trainer	32	6	10	0.10000000000000001	74.44	75.72
bfbd86bc-2896-11e3-9993-90b11c09b194	2	logistic	vw_trainer	128	6	4	1.0	79.95	80.48
bfbd1f4c-2896-11e3-9993-90b11c09b194	2	logistic	vw_trainer	32	6	1	0.10000000000000001	61.49	64.71
bfbee08e-2896-11e3-9993-90b11c09b194	4	logistic	vw_trainer	128	6	10	0.001	1.14	1.62
bfbb3a9c-2896-11e3-9993-90b11c09b194	1	hinge	vw_trainer	64	6	1	1.0	75.43	76.47
bfbe478c-2896-11e3-9993-90b11c09b194	4	hinge	vw_trainer	300	6	1	0.01	7.07	6.62
bfbca85a-2896-11e3-9993-90b11c09b194	2	hinge	vw_trainer	64	6	4	0.01	40.14	43.41
bfbdaaa2-2896-11e3-9993-90b11c09b194	2	logistic	vw_trainer	300	6	4	0.01	15.57	15.38
bfbcd6d6-2896-11e3-9993-90b11c09b194	2	hinge	vw_trainer	128	6	4	0.10000000000000001	74.07	75.94
bfbde3be-2896-11e3-9993-90b11c09b194	4	hinge	vw_trainer	32	6	10	0.01	54.59	55.71
bfbbf61c-2896-11e3-9993-90b11c09b194	1	logistic	vw_trainer	64	6	4	0.001	0.72	0.48
bfbdce56-2896-11e3-9993-90b11c09b194	4	hinge	vw_trainer	32	6	1	1.0	77.05	77.47
bfbb92b2-2896-11e3-9993-90b11c09b194	1	hinge	vw_trainer	300	6	1	0.10000000000000001	66.48	68.72
bfbe8404-2896-11e3-9993-90b11c09b194	4	logistic	vw_trainer	32	6	4	0.10000000000000001	67.06	68.13
bfbc6b88-2896-11e3-9993-90b11c09b194	2	hinge	vw_trainer	32	6	1	0.001	0.28	0.13
bfbbeec4-2896-11e3-9993-90b11c09b194	1	logistic	vw_trainer	64	6	1	0.10000000000000001	61.27	65.42
bfbe95ca-2896-11e3-9993-90b11c09b194	4	logistic	vw_trainer	32	6	10	1.0	81.9	79.94
bfbb967c-2896-11e3-9993-90b11c09b194	1	hinge	vw_trainer	300	6	1	1.0	72.61	74.37
bfbbd07e-2896-11e3-9993-90b11c09b194	1	logistic	vw_trainer	32	6	4	0.10000000000000001	68.1	70.95
bfbba5c2-2896-11e3-9993-90b11c09b194	1	hinge	vw_trainer	300	6	4	1.0	75.87	77.44
bfbda37c-2896-11e3-9993-90b11c09b194	2	logistic	vw_trainer	300	6	1	1.0	41.66	40.61
bfbcecf2-2896-11e3-9993-90b11c09b194	2	hinge	vw_trainer	300	6	1	0.001	0.61	0.7
bfbeb56e-2896-11e3-9993-90b11c09b194	4	logistic	vw_trainer	64	6	10	0.001	0.19	0.2
bfbcba20-2896-11e3-9993-90b11c09b194	2	hinge	vw_trainer	64	6	10	0.10000000000000001	75.58	76.8
bfbc608e-2896-11e3-9993-90b11c09b194	1	logistic	vw_trainer	300	6	10	0.01	56.43	59.6
bfbcc4c0-2896-11e3-9993-90b11c09b194	2	hinge	vw_trainer	128	6	1	0.01	18.98	18.12
bfbc80e6-2896-11e3-9993-90b11c09b194	2	hinge	vw_trainer	32	6	4	0.10000000000000001	75.09	76.51
bfbc2254-2896-11e3-9993-90b11c09b194	1	logistic	vw_trainer	128	6	4	0.001	0.38	0.29
bfbe4b06-2896-11e3-9993-90b11c09b194	4	hinge	vw_trainer	300	6	1	0.10000000000000001	24.77	24.87
bfbc42ca-2896-11e3-9993-90b11c09b194	1	logistic	vw_trainer	300	6	1	0.01	15.41	16.61
bfbd50f2-2896-11e3-9993-90b11c09b194	2	logistic	vw_trainer	64	6	4	0.001	0.3	0.23
bfbb3312-2896-11e3-9993-90b11c09b194	1	hinge	vw_trainer	64	6	1	0.01	44.13	47.68
bfbeb8de-2896-11e3-9993-90b11c09b194	4	logistic	vw_trainer	64	6	10	0.01	1.09	1.01
bfbd4652-2896-11e3-9993-90b11c09b194	2	logistic	vw_trainer	64	6	1	0.01	0.01	0.0
bfbebd2a-2896-11e3-9993-90b11c09b194	4	logistic	vw_trainer	64	6	10	0.10000000000000001	70.42	71.75
bfbe8b3e-2896-11e3-9993-90b11c09b194	4	logistic	vw_trainer	32	6	10	0.001	2.46	1.3
bfbe75ae-2896-11e3-9993-90b11c09b194	4	logistic	vw_trainer	32	6	1	0.10000000000000001	46.21	45.4
bfbb4d8e-2896-11e3-9993-90b11c09b194	1	hinge	vw_trainer	64	6	10	0.001	34.87	35.24
bfbd708c-2896-11e3-9993-90b11c09b194	2	logistic	vw_trainer	128	6	1	0.01	0.38	0.28
bfbb278c-2896-11e3-9993-90b11c09b194	1	hinge	vw_trainer	32	6	10	0.10000000000000001	73.23	74.95
bfbbccbe-2896-11e3-9993-90b11c09b194	1	logistic	vw_trainer	32	6	4	0.01	48.95	52.64
bfbc8474-2896-11e3-9993-90b11c09b194	2	hinge	vw_trainer	32	6	4	1.0	82.98	83.19
bfbc1e94-2896-11e3-9993-90b11c09b194	1	logistic	vw_trainer	128	6	1	1.0	71.33	73.48
bfbb5978-2896-11e3-9993-90b11c09b194	1	hinge	vw_trainer	64	6	10	1.0	82.68	83.08
bfbb2f0c-2896-11e3-9993-90b11c09b194	1	hinge	vw_trainer	64	6	1	0.001	0.92	1.03
bfbbf23e-2896-11e3-9993-90b11c09b194	1	logistic	vw_trainer	64	6	1	1.0	73.08	74.33
bfb95290-2896-11e3-9993-90b11c09b194	1	hinge	vw_trainer	32	6	1	0.001	2.92	2.69
bfbea402-2896-11e3-9993-90b11c09b194	4	logistic	vw_trainer	64	6	1	1.0	69.87	71.18
bfbb7f2a-2896-11e3-9993-90b11c09b194	1	hinge	vw_trainer	128	6	10	0.01	61.87	64.96
bfbb1fa8-2896-11e3-9993-90b11c09b194	1	hinge	vw_trainer	32	6	10	0.001	34.1	34.8
bfbdee18-2896-11e3-9993-90b11c09b194	4	hinge	vw_trainer	64	6	1	0.001	1.97	1.61
bfbc5260-2896-11e3-9993-90b11c09b194	1	logistic	vw_trainer	300	6	4	0.01	45.8	50.23
bfbb426c-2896-11e3-9993-90b11c09b194	1	hinge	vw_trainer	64	6	4	0.01	58.53	62.53
bfbbfd88-2896-11e3-9993-90b11c09b194	1	logistic	vw_trainer	64	6	4	0.10000000000000001	67.87	70.42
bfbbb9a4-2896-11e3-9993-90b11c09b194	1	logistic	vw_trainer	32	6	1	0.001	3.48	3.91
bfbbc8e0-2896-11e3-9993-90b11c09b194	1	logistic	vw_trainer	32	6	4	0.001	2.1	2.04
bfbe7248-2896-11e3-9993-90b11c09b194	4	logistic	vw_trainer	32	6	1	0.01	1.4	0.66
bfbbdbc8-2896-11e3-9993-90b11c09b194	1	logistic	vw_trainer	32	6	10	0.01	59.04	62.96
bfbb6c6a-2896-11e3-9993-90b11c09b194	1	hinge	vw_trainer	128	6	4	0.001	6.79	7.53
bfbd57d2-2896-11e3-9993-90b11c09b194	2	logistic	vw_trainer	64	6	4	0.10000000000000001	68.05	71.06
bfbbae3c-2896-11e3-9993-90b11c09b194	1	hinge	vw_trainer	300	6	10	0.01	61.88	65.56
bfbc9dba-2896-11e3-9993-90b11c09b194	2	hinge	vw_trainer	64	6	1	0.10000000000000001	64.38	68.6
bfbc4b3a-2896-11e3-9993-90b11c09b194	1	logistic	vw_trainer	300	6	1	1.0	70.36	72.42
bfbdc35c-2896-11e3-9993-90b11c09b194	4	hinge	vw_trainer	32	6	1	0.001	4.82	4.7
bfbc72cc-2896-11e3-9993-90b11c09b194	2	hinge	vw_trainer	32	6	1	0.10000000000000001	69.25	71.95
bfbf00e6-2896-11e3-9993-90b11c09b194	4	logistic	vw_trainer	300	6	4	0.01	7.89	7.79
bfbbeaf0-2896-11e3-9993-90b11c09b194	1	logistic	vw_trainer	64	6	1	0.01	10.61	11.69
bfbdb8f8-2896-11e3-9993-90b11c09b194	2	logistic	vw_trainer	300	6	10	0.01	22.46	22.57
bfbd5b88-2896-11e3-9993-90b11c09b194	2	logistic	vw_trainer	64	6	4	1.0	79.78	80.76
bfbe0a88-2896-11e3-9993-90b11c09b194	4	hinge	vw_trainer	64	6	10	0.001	0.11	0.12
bfbcda50-2896-11e3-9993-90b11c09b194	2	hinge	vw_trainer	128	6	4	1.0	82.27	82.66
bfbd0d5e-2896-11e3-9993-90b11c09b194	2	hinge	vw_trainer	300	6	10	0.01	35.98	35.39
bfbcaf6c-2896-11e3-9993-90b11c09b194	2	hinge	vw_trainer	64	6	4	1.0	81.37	82.29
bfbc3bc2-2896-11e3-9993-90b11c09b194	1	logistic	vw_trainer	128	6	10	1.0	79.89	81.14
bfbcf076-2896-11e3-9993-90b11c09b194	2	hinge	vw_trainer	300	6	1	0.01	17.28	16.92
bfbca134-2896-11e3-9993-90b11c09b194	2	hinge	vw_trainer	64	6	1	1.0	76.42	77.98
bfbf0b54-2896-11e3-9993-90b11c09b194	4	logistic	vw_trainer	300	6	10	0.001	0.47	0.63
bfbb68c8-2896-11e3-9993-90b11c09b194	1	hinge	vw_trainer	128	6	1	1.0	74.68	76.07
bfbefd30-2896-11e3-9993-90b11c09b194	4	logistic	vw_trainer	300	6	4	0.001	0.49	0.58
bfbb1300-2896-11e3-9993-90b11c09b194	1	hinge	vw_trainer	32	6	4	0.01	59.74	63.94
bfbd4d6e-2896-11e3-9993-90b11c09b194	2	logistic	vw_trainer	64	6	1	1.0	74.06	75.81
bfbd986e-2896-11e3-9993-90b11c09b194	2	logistic	vw_trainer	300	6	1	0.001	0.99	0.77
bfbc8bae-2896-11e3-9993-90b11c09b194	2	hinge	vw_trainer	32	6	10	0.01	62.39	65.39
bfbc961c-2896-11e3-9993-90b11c09b194	2	hinge	vw_trainer	64	6	1	0.001	1.71	1.44
bfbdc712-2896-11e3-9993-90b11c09b194	4	hinge	vw_trainer	32	6	1	0.01	1.65	1.03
bfbcfb3e-2896-11e3-9993-90b11c09b194	2	hinge	vw_trainer	300	6	4	0.001	2.46	1.61
bfbbb5d0-2896-11e3-9993-90b11c09b194	1	hinge	vw_trainer	300	6	10	1.0	79.96	80.2
bfbbd7e0-2896-11e3-9993-90b11c09b194	1	logistic	vw_trainer	32	6	10	0.001	12.13	10.53
bfbb9e10-2896-11e3-9993-90b11c09b194	1	hinge	vw_trainer	300	6	4	0.01	57.74	61.65
bfbcbd90-2896-11e3-9993-90b11c09b194	2	hinge	vw_trainer	64	6	10	1.0	84.49	84.4
bfbc04cc-2896-11e3-9993-90b11c09b194	1	logistic	vw_trainer	64	6	10	0.001	14.39	13.69
bfbd0980-2896-11e3-9993-90b11c09b194	2	hinge	vw_trainer	300	6	10	0.001	7.48	7.49
bfbd2d8e-2896-11e3-9993-90b11c09b194	2	logistic	vw_trainer	32	6	4	0.10000000000000001	71.51	73.73
bfbe1168-2896-11e3-9993-90b11c09b194	4	hinge	vw_trainer	64	6	10	0.10000000000000001	73.33	74.94
bfbe4408-2896-11e3-9993-90b11c09b194	4	hinge	vw_trainer	300	6	1	0.001	2.25	2.8
bfbd7b36-2896-11e3-9993-90b11c09b194	2	logistic	vw_trainer	128	6	4	0.001	0.73	0.76
bfbe524a-2896-11e3-9993-90b11c09b194	4	hinge	vw_trainer	300	6	4	0.001	4.75	4.35
bfbce590-2896-11e3-9993-90b11c09b194	2	hinge	vw_trainer	128	6	10	0.10000000000000001	76.3	77.82
bfbc4ee6-2896-11e3-9993-90b11c09b194	1	logistic	vw_trainer	300	6	4	0.001	3.01	2.68
bfbcd352-2896-11e3-9993-90b11c09b194	2	hinge	vw_trainer	128	6	4	0.01	56.83	60.56
bfbd314e-2896-11e3-9993-90b11c09b194	2	logistic	vw_trainer	32	6	4	1.0	79.79	79.86
bfbb17d8-2896-11e3-9993-90b11c09b194	1	hinge	vw_trainer	32	6	4	0.10000000000000001	71.35	73.36
bfbd5f02-2896-11e3-9993-90b11c09b194	2	logistic	vw_trainer	64	6	10	0.001	0.06	0.04
bfbcb69c-2896-11e3-9993-90b11c09b194	2	hinge	vw_trainer	64	6	10	0.01	59.51	63.41
bfbed9a4-2896-11e3-9993-90b11c09b194	4	logistic	vw_trainer	128	6	4	0.10000000000000001	30.12	30.88
bfbd42e2-2896-11e3-9993-90b11c09b194	2	logistic	vw_trainer	64	6	1	0.001	2.58	2.41
bfbbc50c-2896-11e3-9993-90b11c09b194	1	logistic	vw_trainer	32	6	1	1.0	73.38	74.93
bfbd661e-2896-11e3-9993-90b11c09b194	2	logistic	vw_trainer	64	6	10	0.10000000000000001	73.35	75.08
bfbe2748-2896-11e3-9993-90b11c09b194	4	hinge	vw_trainer	128	6	4	0.001	1.24	0.86
bfbdb542-2896-11e3-9993-90b11c09b194	2	logistic	vw_trainer	300	6	10	0.001	1.25	0.82
bfbe679e-2896-11e3-9993-90b11c09b194	4	hinge	vw_trainer	300	6	10	0.10000000000000001	32.7	32.87
bfbbbd8c-2896-11e3-9993-90b11c09b194	1	logistic	vw_trainer	32	6	1	0.01	4.42	5.4
bfbf0460-2896-11e3-9993-90b11c09b194	4	logistic	vw_trainer	300	6	4	0.10000000000000001	22.87	22.47
bfbdd57c-2896-11e3-9993-90b11c09b194	4	hinge	vw_trainer	32	6	4	0.01	40.07	40.98
bfbb702a-2896-11e3-9993-90b11c09b194	1	hinge	vw_trainer	128	6	4	0.01	58.46	62.4
bfbbe6f4-2896-11e3-9993-90b11c09b194	1	logistic	vw_trainer	64	6	1	0.001	1.01	1.31
bfbc59a4-2896-11e3-9993-90b11c09b194	1	logistic	vw_trainer	300	6	4	1.0	74.23	75.71
bfbcc10a-2896-11e3-9993-90b11c09b194	2	hinge	vw_trainer	128	6	1	0.001	2.58	3.03
bfbe0e02-2896-11e3-9993-90b11c09b194	4	hinge	vw_trainer	64	6	10	0.01	44.98	45.92
bfbecefa-2896-11e3-9993-90b11c09b194	4	logistic	vw_trainer	128	6	1	1.0	38.56	38.75
bfbed26a-2896-11e3-9993-90b11c09b194	4	logistic	vw_trainer	128	6	4	0.001	1.42	1.6
bfbc6480-2896-11e3-9993-90b11c09b194	1	logistic	vw_trainer	300	6	10	0.10000000000000001	68.71	70.75
bfbb834e-2896-11e3-9993-90b11c09b194	1	hinge	vw_trainer	128	6	10	0.10000000000000001	72.39	74.03
bfbb5d2e-2896-11e3-9993-90b11c09b194	1	hinge	vw_trainer	128	6	1	0.001	0.86	1.03
bfbec0ae-2896-11e3-9993-90b11c09b194	4	logistic	vw_trainer	64	6	10	1.0	82.05	80.92
bfbe14d8-2896-11e3-9993-90b11c09b194	4	hinge	vw_trainer	64	6	10	1.0	83.49	82.36
bfbed5e4-2896-11e3-9993-90b11c09b194	4	logistic	vw_trainer	128	6	4	0.01	2.16	1.71
bfbcfed6-2896-11e3-9993-90b11c09b194	2	hinge	vw_trainer	300	6	4	0.01	28.16	27.96
bfbe60be-2896-11e3-9993-90b11c09b194	4	hinge	vw_trainer	300	6	10	0.001	5.45	5.61
bfbeeb92-2896-11e3-9993-90b11c09b194	4	logistic	vw_trainer	128	6	10	1.0	61.06	56.61
bfbb55ae-2896-11e3-9993-90b11c09b194	1	hinge	vw_trainer	64	6	10	0.10000000000000001	72.9	74.09
bfbee80e-2896-11e3-9993-90b11c09b194	4	logistic	vw_trainer	128	6	10	0.10000000000000001	39.16	38.42
bfbde742-2896-11e3-9993-90b11c09b194	4	hinge	vw_trainer	32	6	10	0.10000000000000001	75.06	75.5
bfbbdf92-2896-11e3-9993-90b11c09b194	1	logistic	vw_trainer	32	6	10	0.10000000000000001	71.15	72.61
bfbc8f32-2896-11e3-9993-90b11c09b194	2	hinge	vw_trainer	32	6	10	0.10000000000000001	76.76	78.0
bfbd3842-2896-11e3-9993-90b11c09b194	2	logistic	vw_trainer	32	6	10	0.01	55.91	59.36
bfbce932-2896-11e3-9993-90b11c09b194	2	hinge	vw_trainer	128	6	10	1.0	85.51	84.35
bfbca4a4-2896-11e3-9993-90b11c09b194	2	hinge	vw_trainer	64	6	4	0.001	0.09	0.0
bfbd8dba-2896-11e3-9993-90b11c09b194	2	logistic	vw_trainer	128	6	10	0.01	50.17	53.78
bfbbe33e-2896-11e3-9993-90b11c09b194	1	logistic	vw_trainer	32	6	10	1.0	79.67	80.47
bfbe5d30-2896-11e3-9993-90b11c09b194	4	hinge	vw_trainer	300	6	4	1.0	41.24	39.07
bfbc87f8-2896-11e3-9993-90b11c09b194	2	hinge	vw_trainer	32	6	10	0.001	9.67	9.58
bfbb4636-2896-11e3-9993-90b11c09b194	1	hinge	vw_trainer	64	6	4	0.10000000000000001	70.72	73.08
bfbc7d30-2896-11e3-9993-90b11c09b194	2	hinge	vw_trainer	32	6	4	0.01	56.05	58.98
bfbc2ccc-2896-11e3-9993-90b11c09b194	1	logistic	vw_trainer	128	6	4	1.0	75.86	77.39
bfbef632-2896-11e3-9993-90b11c09b194	4	logistic	vw_trainer	300	6	1	0.10000000000000001	17.39	16.24
bfbbd42a-2896-11e3-9993-90b11c09b194	1	logistic	vw_trainer	32	6	4	1.0	76.84	77.55
bfbb49e2-2896-11e3-9993-90b11c09b194	1	hinge	vw_trainer	64	6	4	1.0	79.72	80.62
bfbd34d2-2896-11e3-9993-90b11c09b194	2	logistic	vw_trainer	32	6	10	0.001	0.65	0.65
bfbb64fe-2896-11e3-9993-90b11c09b194	1	hinge	vw_trainer	128	6	1	0.10000000000000001	66.78	69.93
bfbea772-2896-11e3-9993-90b11c09b194	4	logistic	vw_trainer	64	6	4	0.001	1.77	1.91
bfbd6d1c-2896-11e3-9993-90b11c09b194	2	logistic	vw_trainer	128	6	1	0.001	5.24	5.04
bfbd8a40-2896-11e3-9993-90b11c09b194	2	logistic	vw_trainer	128	6	10	0.001	1.9	2.26
bfbc0c1a-2896-11e3-9993-90b11c09b194	1	logistic	vw_trainer	64	6	10	0.10000000000000001	70.45	72.24
bfbecb6c-2896-11e3-9993-90b11c09b194	4	logistic	vw_trainer	128	6	1	0.10000000000000001	7.41	5.55
bfbeb208-2896-11e3-9993-90b11c09b194	4	logistic	vw_trainer	64	6	4	1.0	79.55	79.12
bfbe87c4-2896-11e3-9993-90b11c09b194	4	logistic	vw_trainer	32	6	4	1.0	79.41	78.87
bfbda6f6-2896-11e3-9993-90b11c09b194	2	logistic	vw_trainer	300	6	4	0.001	0.55	0.28
bfbc3f5a-2896-11e3-9993-90b11c09b194	1	logistic	vw_trainer	300	6	1	0.001	7.79	7.65
bfbedd1e-2896-11e3-9993-90b11c09b194	4	logistic	vw_trainer	128	6	4	1.0	53.72	52.38
bfbb516c-2896-11e3-9993-90b11c09b194	1	hinge	vw_trainer	64	6	10	0.01	61.17	64.94
bfbe6b54-2896-11e3-9993-90b11c09b194	4	hinge	vw_trainer	300	6	10	1.0	45.77	42.75
bfbcf774-2896-11e3-9993-90b11c09b194	2	hinge	vw_trainer	300	6	1	1.0	45.79	44.2
bfbc0fd0-2896-11e3-9993-90b11c09b194	1	logistic	vw_trainer	64	6	10	1.0	80.23	81.27
bfbd7eb0-2896-11e3-9993-90b11c09b194	2	logistic	vw_trainer	128	6	4	0.01	27.72	29.31
bfbdf8ae-2896-11e3-9993-90b11c09b194	4	hinge	vw_trainer	64	6	1	1.0	74.11	75.46
bfbe994e-2896-11e3-9993-90b11c09b194	4	logistic	vw_trainer	64	6	1	0.001	1.81	1.63
bfbe188e-2896-11e3-9993-90b11c09b194	4	hinge	vw_trainer	128	6	1	0.001	5.15	4.84
bfbc37da-2896-11e3-9993-90b11c09b194	1	logistic	vw_trainer	128	6	10	0.10000000000000001	69.75	71.6
bfbe31ca-2896-11e3-9993-90b11c09b194	4	hinge	vw_trainer	128	6	4	1.0	54.8	51.85
bfbdeab2-2896-11e3-9993-90b11c09b194	4	hinge	vw_trainer	32	6	10	1.0	85.83	83.41
bfbe2004-2896-11e3-9993-90b11c09b194	4	hinge	vw_trainer	128	6	1	0.10000000000000001	34.35	33.85
bfbbf9be-2896-11e3-9993-90b11c09b194	1	logistic	vw_trainer	64	6	4	0.01	51.78	55.7
bfbb8b00-2896-11e3-9993-90b11c09b194	1	hinge	vw_trainer	300	6	1	0.001	4.07	3.42
bfbb9a3c-2896-11e3-9993-90b11c09b194	1	hinge	vw_trainer	300	6	4	0.001	20.06	18.43
bfbf1608-2896-11e3-9993-90b11c09b194	4	logistic	vw_trainer	300	6	10	1.0	44.11	41.66
bfbe5934-2896-11e3-9993-90b11c09b194	4	hinge	vw_trainer	300	6	4	0.10000000000000001	30.06	30.74
bfbf0f14-2896-11e3-9993-90b11c09b194	4	logistic	vw_trainer	300	6	10	0.01	12.9	12.35
bfbdb1d2-2896-11e3-9993-90b11c09b194	2	logistic	vw_trainer	300	6	4	1.0	50.09	49.23
bfbdf552-2896-11e3-9993-90b11c09b194	4	hinge	vw_trainer	64	6	1	0.10000000000000001	40.71	42.1
bfbcf3e6-2896-11e3-9993-90b11c09b194	2	hinge	vw_trainer	300	6	1	0.10000000000000001	39.96	40.03
bfbb8ec0-2896-11e3-9993-90b11c09b194	1	hinge	vw_trainer	300	6	1	0.01	49.75	53.45
bfbba9c8-2896-11e3-9993-90b11c09b194	1	hinge	vw_trainer	300	6	10	0.001	30.86	30.21
bfb9c07c-2896-11e3-9993-90b11c09b194	1	hinge	vw_trainer	32	6	1	0.01	32.57	34.06
bfbd9ff8-2896-11e3-9993-90b11c09b194	2	logistic	vw_trainer	300	6	1	0.10000000000000001	27.72	28.2
bfbd69a2-2896-11e3-9993-90b11c09b194	2	logistic	vw_trainer	64	6	10	1.0	82.53	82.19
bfbe7950-2896-11e3-9993-90b11c09b194	4	logistic	vw_trainer	32	6	1	1.0	72.91	73.41
bfbddfd6-2896-11e3-9993-90b11c09b194	4	hinge	vw_trainer	32	6	10	0.001	8.11	6.22
bfba9b32-2896-11e3-9993-90b11c09b194	1	hinge	vw_trainer	32	6	1	1.0	75.28	76.59
bfbc6818-2896-11e3-9993-90b11c09b194	1	logistic	vw_trainer	300	6	10	1.0	78.65	79.53
bfbb73fe-2896-11e3-9993-90b11c09b194	1	hinge	vw_trainer	128	6	4	0.10000000000000001	70.57	72.29
bfbcc84e-2896-11e3-9993-90b11c09b194	2	hinge	vw_trainer	128	6	1	0.10000000000000001	67.98	71.0
bfbdd8f6-2896-11e3-9993-90b11c09b194	4	hinge	vw_trainer	32	6	4	0.10000000000000001	71.86	72.99
bfbe4048-2896-11e3-9993-90b11c09b194	4	hinge	vw_trainer	128	6	10	1.0	60.76	56.69
bfbea07e-2896-11e3-9993-90b11c09b194	4	logistic	vw_trainer	64	6	1	0.10000000000000001	9.23	8.2
bfbeae8e-2896-11e3-9993-90b11c09b194	4	logistic	vw_trainer	64	6	4	0.10000000000000001	57.17	58.32
bfbe395e-2896-11e3-9993-90b11c09b194	4	hinge	vw_trainer	128	6	10	0.01	30.07	28.58
bfbeaad8-2896-11e3-9993-90b11c09b194	4	logistic	vw_trainer	64	6	4	0.01	0.0	0.0
bfbb7b6a-2896-11e3-9993-90b11c09b194	1	hinge	vw_trainer	128	6	10	0.001	35.1	35.87
bfbc46f8-2896-11e3-9993-90b11c09b194	1	logistic	vw_trainer	300	6	1	0.10000000000000001	58.04	61.2
bfbd49b8-2896-11e3-9993-90b11c09b194	2	logistic	vw_trainer	64	6	1	0.10000000000000001	43.52	46.16
bfbc295c-2896-11e3-9993-90b11c09b194	1	logistic	vw_trainer	128	6	4	0.10000000000000001	67.03	70.19
bfbc25d8-2896-11e3-9993-90b11c09b194	1	logistic	vw_trainer	128	6	4	0.01	44.65	48.26
bfbb23b8-2896-11e3-9993-90b11c09b194	1	hinge	vw_trainer	32	6	10	0.01	63.18	66.72
bfbd1100-2896-11e3-9993-90b11c09b194	2	hinge	vw_trainer	300	6	10	0.10000000000000001	47.37	47.07
bfbe3cce-2896-11e3-9993-90b11c09b194	4	hinge	vw_trainer	128	6	10	0.10000000000000001	45.56	43.73
bfbe2392-2896-11e3-9993-90b11c09b194	4	hinge	vw_trainer	128	6	1	1.0	47.93	46.03
bfbb36e6-2896-11e3-9993-90b11c09b194	1	hinge	vw_trainer	64	6	1	0.10000000000000001	67.16	69.91
bfbd1be6-2896-11e3-9993-90b11c09b194	2	logistic	vw_trainer	32	6	1	0.01	0.12	0.12
bfbc1b10-2896-11e3-9993-90b11c09b194	1	logistic	vw_trainer	128	6	1	0.10000000000000001	58.83	62.32
bfbd9c10-2896-11e3-9993-90b11c09b194	2	logistic	vw_trainer	300	6	1	0.01	2.96	2.98
bfbd3f5e-2896-11e3-9993-90b11c09b194	2	logistic	vw_trainer	32	6	10	1.0	82.16	81.37
bfbef2b8-2896-11e3-9993-90b11c09b194	4	logistic	vw_trainer	300	6	1	0.01	1.89	1.53
bfbd025a-2896-11e3-9993-90b11c09b194	2	hinge	vw_trainer	300	6	4	0.10000000000000001	44.92	44.89
bfbe9214-2896-11e3-9993-90b11c09b194	4	logistic	vw_trainer	32	6	10	0.10000000000000001	72.47	73.0
bfbba1d0-2896-11e3-9993-90b11c09b194	1	hinge	vw_trainer	300	6	4	0.10000000000000001	69.76	72.04
bfbe1c08-2896-11e3-9993-90b11c09b194	4	hinge	vw_trainer	128	6	1	0.01	6.96	6.54
bfbee480-2896-11e3-9993-90b11c09b194	4	logistic	vw_trainer	128	6	10	0.01	12.64	13.4
bfbcde1a-2896-11e3-9993-90b11c09b194	2	hinge	vw_trainer	128	6	10	0.001	19.62	20.33
bfbc3456-2896-11e3-9993-90b11c09b194	1	logistic	vw_trainer	128	6	10	0.01	55.83	60.12
bfbb8722-2896-11e3-9993-90b11c09b194	1	hinge	vw_trainer	128	6	10	1.0	81.94	82.73
bfbf1298-2896-11e3-9993-90b11c09b194	4	logistic	vw_trainer	300	6	10	0.10000000000000001	28.73	29.17
bfbdae58-2896-11e3-9993-90b11c09b194	2	logistic	vw_trainer	300	6	4	0.10000000000000001	38.1	38.41
bfbc92ac-2896-11e3-9993-90b11c09b194	2	hinge	vw_trainer	32	6	10	1.0	86.77	85.54
bfbec432-2896-11e3-9993-90b11c09b194	4	logistic	vw_trainer	128	6	1	0.001	3.54	3.28
bfbd5462-2896-11e3-9993-90b11c09b194	2	logistic	vw_trainer	64	6	4	0.01	3.52	2.7
bfbdfc64-2896-11e3-9993-90b11c09b194	4	hinge	vw_trainer	64	6	4	0.001	0.6	0.47
bfbd744c-2896-11e3-9993-90b11c09b194	2	logistic	vw_trainer	128	6	1	0.10000000000000001	50.3	53.71
bfbddc66-2896-11e3-9993-90b11c09b194	4	hinge	vw_trainer	32	6	4	1.0	82.11	81.46
bfbc1750-2896-11e3-9993-90b11c09b194	1	logistic	vw_trainer	128	6	1	0.01	2.87	2.54
bfbbb210-2896-11e3-9993-90b11c09b194	1	hinge	vw_trainer	300	6	10	0.10000000000000001	71.14	73.14
bfbd267c-2896-11e3-9993-90b11c09b194	2	logistic	vw_trainer	32	6	4	0.001	0.14	0.04
bfbec7ac-2896-11e3-9993-90b11c09b194	4	logistic	vw_trainer	128	6	1	0.01	0.23	0.23
bfbd8310-2896-11e3-9993-90b11c09b194	2	logistic	vw_trainer	128	6	4	0.10000000000000001	68.99	71.87
bfbf07e4-2896-11e3-9993-90b11c09b194	4	logistic	vw_trainer	300	6	4	1.0	37.7	36.78
bfbce19e-2896-11e3-9993-90b11c09b194	2	hinge	vw_trainer	128	6	10	0.01	61.49	65.35
bfbc00f8-2896-11e3-9993-90b11c09b194	1	logistic	vw_trainer	64	6	4	1.0	76.33	77.38
bfbe0362-2896-11e3-9993-90b11c09b194	4	hinge	vw_trainer	64	6	4	0.10000000000000001	68.73	70.69
bfbd29f6-2896-11e3-9993-90b11c09b194	2	logistic	vw_trainer	32	6	4	0.01	36.49	39.76
bfbe9cc8-2896-11e3-9993-90b11c09b194	4	logistic	vw_trainer	64	6	1	0.01	0.03	0.0
bfbe809e-2896-11e3-9993-90b11c09b194	4	logistic	vw_trainer	32	6	4	0.01	7.58	7.1
bfbef9b6-2896-11e3-9993-90b11c09b194	4	logistic	vw_trainer	300	6	1	1.0	28.88	30.25
bfbdbc72-2896-11e3-9993-90b11c09b194	2	logistic	vw_trainer	300	6	10	0.10000000000000001	43.46	43.83
bfbeef02-2896-11e3-9993-90b11c09b194	4	logistic	vw_trainer	300	6	1	0.001	2.57	3.29
bfbc5620-2896-11e3-9993-90b11c09b194	1	logistic	vw_trainer	300	6	4	0.10000000000000001	66.02	68.79
bfbc79b6-2896-11e3-9993-90b11c09b194	2	hinge	vw_trainer	32	6	4	0.001	0.21	0.11
bfbe7d1a-2896-11e3-9993-90b11c09b194	4	logistic	vw_trainer	32	6	4	0.001	4.69	3.77
bfbb2b4c-2896-11e3-9993-90b11c09b194	1	hinge	vw_trainer	32	6	10	1.0	83.77	84.06
bfbc6f0c-2896-11e3-9993-90b11c09b194	2	hinge	vw_trainer	32	6	1	0.01	6.82	6.18
bfbcabde-2896-11e3-9993-90b11c09b194	2	hinge	vw_trainer	64	6	4	0.10000000000000001	72.73	74.86
bfbe2e5a-2896-11e3-9993-90b11c09b194	4	hinge	vw_trainer	128	6	4	0.10000000000000001	40.51	39.8
bfbe4ebc-2896-11e3-9993-90b11c09b194	4	hinge	vw_trainer	300	6	1	1.0	35.66	35.28
bfbe6438-2896-11e3-9993-90b11c09b194	4	hinge	vw_trainer	300	6	10	0.01	20.37	18.72
bfbc3082-2896-11e3-9993-90b11c09b194	1	logistic	vw_trainer	128	6	10	0.001	3.08	3.03
bfbd77bc-2896-11e3-9993-90b11c09b194	2	logistic	vw_trainer	128	6	1	1.0	72.36	74.61
bfbe35c6-2896-11e3-9993-90b11c09b194	4	hinge	vw_trainer	128	6	10	0.001	3.85	3.29
bfbe06d2-2896-11e3-9993-90b11c09b194	4	hinge	vw_trainer	64	6	4	1.0	79.83	80.23
bfbb3e70-2896-11e3-9993-90b11c09b194	1	hinge	vw_trainer	64	6	4	0.001	15.22	14.73
bfbb1be8-2896-11e3-9993-90b11c09b194	1	hinge	vw_trainer	32	6	4	1.0	80.18	81.05
bfbe6ece-2896-11e3-9993-90b11c09b194	4	logistic	vw_trainer	32	6	1	0.001	5.16	4.93
